app_name,review,rating
Diksha App,its very nice and usefull chapters,5
Diksha App,à¤à¤ª à¤¬à¤¹à¥à¤¤ à¤…à¤šà¥à¤›à¤¾ à¤¹à¥ˆ à¥¤ à¤²à¥‡à¤•à¤¿à¤¨ à¤²à¤¾à¤à¤— à¤‡à¤¨ à¤¹à¥‹à¤¨à¥‡ à¤®à¥‡à¤‚ à¤¬à¤¹à¥à¤¤ à¤ªà¤°à¥‡à¤¶à¤¾à¤¨à¥€ à¤† à¤°à¤¹à¥€ à¤¹à¥ˆ à¥¤,5
Diksha App,à¤œà¤¬ à¤“à¤ªà¤¨ à¤•à¤°à¤¤à¤¾ à¤¹à¥‚à¤‚ à¤¤à¥‹ à¤¨à¤¾à¤® à¤†à¤¤à¤¾ à¤¹à¥ˆ à¤²à¥‹à¤— à¤†à¤‰à¤Ÿ à¤•à¤°à¤•à¥‡ à¤µà¤¾à¤ªà¤¿à¤¸ à¤²à¥‹à¤— à¤‡à¤¨ à¤•à¤°à¥‡??,1
Diksha App,bahut accha app hai,5
Diksha App,bekar app hai,1
Diksha App,padhai karne ka sabse achha sadhan hai,5
Diksha App,faltu app hain khul hi nahi raha,1
Diksha App,nise,5
Diksha App,Not a single video is starting.,1
Diksha App,worst app I have ever seen kabhi kuchh accha nhi bana skte ye log,1
Diksha App,Best,5
Diksha App,good ğŸ˜Š exprencence,5
Diksha App,it's very very useful for exam preparation â¤ï¸â¤ï¸â¤ï¸,5
Diksha App,Good,3
Diksha App,"à¤¸à¤¬à¤¸à¥‡ à¤–à¤°à¤¾à¤¬ à¤à¤ª à¤¹à¥ˆ, à¤•à¥‹à¤°à¥à¤¸ à¤•à¤¹à¤¾à¤‚ à¤¹à¥ˆ à¤”à¤° à¤•à¥ˆà¤¸à¥‡ à¤•à¤°à¥‡à¤‚ à¤ªà¤¤à¤¾ à¤¹à¥€ à¤¨à¤¹à¥€à¤‚ à¤šà¤²à¤¤à¤¾ à¤¹à¥ˆ,",1
Diksha App,there's nothing in this app . absolute waste..,1
Diksha App,he open hot nahi,1
Diksha App,just before starting any video two options pop up log out or cancel continue glitches,1
Diksha App,After scanning the QR code stepping into the video class then the video stops between every 10 seconds,4
Diksha App,bahut achha app hai,5
Diksha App,bahut Sundar hai bhai,5
Diksha App,"worst app ,most of the time it doesn't work out. and now it is started to get blank out also",1
Diksha App,Waste of time,1
Diksha App,"worst app ever, it's not allow me to even login",1
Diksha App,Very good ğŸ‘,5
Diksha App,this app is waste because I installed two times and it is showing this app isn't linked with this version,1
Diksha App,pooorr and ğŸ’©ğŸ’©ğŸ’©ğŸ’©,1
Diksha App,"App will always ask for login when visited and ai feature will work slow sometimes may not work properly , please faster the performance",4
Diksha App,ok,5
Diksha App,this app is best ğŸ˜‡ğŸ‘ğŸ«¡ğŸ¤—ğŸ˜±,5
Diksha App,this app is very important for all the candidates,5
Diksha App,Too good ğŸ‘,5
Diksha App,it is not useful for students,1
Diksha App,very nice,5
Diksha App,It is ok but it doesn't have proper answer,3
Diksha App,good,5
Diksha App,aap is the best,5
Diksha App,"Whenever I ask something, this app only tells me"" I don't know "".",1
Diksha App,"good, leave me",1
Diksha App,please resolve 404 error,1
Diksha App,excellent,5
Diksha App,à°®à±Šà°¡à±à°¡à°¨à°¿,1
Diksha App,there any agxhxxxxzxxxxxxxe restrictions for using the applicationthere any age restrictions for using the application,2
Diksha App,Good ğŸ‘,5
Diksha App,z hair lo na,1
Diksha App,WERY nice app,5
Diksha App,worst app,1
Diksha App,best,5
Diksha App,government should get better teachers,2
Diksha App,Accha,5
Diksha App,it a very nice app,5
Diksha App,when I open cources the app shows update now,5
Diksha App,à¤•à¥à¤¯à¤¾ à¤­à¤¾à¤°à¤¤ à¤•à¥‡ software à¤‡à¤‚à¤œà¥€à¤¨à¤¿à¤¯à¤° à¤²à¥‹à¤—à¥‹à¤‚ à¤•à¥‹ à¤à¤•à¥à¤¸à¥‡à¤¸à¤¿à¤¬à¤¿à¤²à¤¿à¤Ÿà¥€ à¤¦à¥‡à¤¨à¥€ à¤¨à¤¹à¥€à¤‚ à¤†à¤¤à¥€ à¤¹à¥ˆ? à¤…à¤—à¤° à¤à¤¸à¤¾ à¤¨à¤¹à¥€à¤‚ à¤¹à¥ˆ à¤¤à¥‹ à¤†à¤ª à¤²à¥‹à¤— à¤‡à¤¸à¤•à¥‹ à¤à¤•à¥à¤¸à¥‡à¤¸à¤¿à¤¬à¤² à¤•à¥à¤¯à¥‹à¤‚ à¤¨à¤¹à¥€à¤‚ à¤¬à¤¨à¤¾à¤¤à¥‡ à¤¹à¥ˆà¤‚ à¤¬à¥à¤²à¤¾à¤‡à¤‚à¤¡ à¤•à¥‡ à¤²à¤¿à¤ à¤¯à¤¹ à¤¬à¤¿à¤²à¥à¤•à¥à¤² à¤­à¥€ à¤à¤•à¥à¤¸à¥‡à¤¸à¤¿à¤¬à¤² à¤¨à¤¹à¥€à¤‚ à¤¹à¥ˆ à¤†à¤ª à¤²à¥‹à¤— à¤•à¥à¤¯à¥‹à¤‚ à¤¨à¤¹à¥€à¤‚ à¤‡à¤¸à¥‡ à¤†à¤¸à¤¾à¤¨ à¤¬à¤¨à¤¾à¤¤à¥‡ à¤¹à¥ˆà¤‚ à¤…à¤ªà¤¡à¥‡à¤Ÿ à¤•à¤°à¤•à¥‡ à¤”à¤° à¤­à¥€ à¤¬à¥‡à¤•à¤¾à¤° à¤•à¤° à¤¦à¤¿à¤¯à¤¾ à¤¹à¥ˆ. à¤†à¤ª à¤²à¥‹à¤— à¤à¤ªà¥ à¤•à¥‹ à¤†à¤¸à¤¾à¤¨ à¤¬à¤¨à¤¾à¤à¤‚ à¤¤à¤¾à¤•à¤¿ à¤¹à¤® à¤²à¥‹à¤— CPD course à¤•à¥‡ à¤…à¤ªà¤¨à¥‡ à¤˜à¤‚à¤Ÿà¥‡ à¤ªà¥‚à¤°à¥‡ à¤•à¤° à¤¸à¤•à¥‡à¤‚ à¤…à¤—à¤° à¤†à¤ª à¤²à¥‹à¤— app à¤•à¥‹ accessible à¤¬à¤¨à¤¾à¤¨à¤¾ à¤¨à¤¹à¥€à¤‚ à¤œà¤¾à¤¨à¤¤à¥‡à¤œà¥à¤ à¤¤à¥‹ à¤•à¥ƒà¤ªà¤¯à¤¾ à¤—à¥‚à¤—à¤² à¤¸à¥‡ à¤•à¤¾à¤‚à¤Ÿà¥‡à¤•à¥à¤Ÿ à¤•à¤°à¥‡à¤‚ à¤µà¤¹ à¤†à¤ªà¤•à¥‹ à¤¬à¤¤à¤¾à¤à¤‚à¤—à¥‡ à¤•à¤¿ à¤à¤ª à¤•à¥‹ à¤à¤•à¥à¤¸à¥‡à¤¸à¤¿à¤¬à¤² à¤•à¥ˆà¤¸à¥‡ à¤¬à¤¨à¤¾à¤¯à¤¾ à¤œà¤¾à¤¤à¤¾ à¤¹à¥ˆ,1
Diksha App,good appâ­â­â­â­â­,5
Diksha App,app is not working,1
Diksha App,Asks for updates frequently,3
Diksha App,this app is not working because when I am open this app and a technical issue in the app,3
Diksha App,à¤¦à¥€à¤•à¥à¤·à¤¾ à¤¸à¤¤à¤¤à¥ à¤…à¤§à¤¿à¤—à¤® à¤•à¤¾ à¤à¤• à¤¸à¤¹à¤œ à¤”à¤° à¤¸à¤°à¤² à¤®à¤‚à¤š à¤¹à¥ˆ à¤¯à¤¹à¤¾à¤ à¤ªà¤° à¤…à¤¨à¥‡à¤• à¤œà¥à¤à¤¾à¤¨à¤µà¤°à¥à¤§à¤• à¤”à¤° à¤ªà¥à¤°à¥‡à¤°à¤• à¤ªà¤¾à¤ à¥à¤¯à¤•à¥à¤°à¤® à¤¸à¤®à¥à¤¬à¤‚à¤§à¥€ à¤•à¥‹à¤°à¥à¤¸à¥‡à¤¸ à¤†à¤¸à¤¾à¤¨à¥€ à¤¸à¥‡ à¤”à¤° à¤¨à¤¿à¤ƒ à¤¶à¥à¤²à¥à¤• à¤¸à¥€à¤–à¤¨à¥‡ à¤•à¥‹ à¤®à¤¿à¤² à¤°à¤¹à¥‡ à¤¹à¥ˆà¤‚ à¥¤ à¤‡à¤¸à¤¸à¥‡ à¤¹à¤®à¤¾à¤°à¤¾ à¤…à¤•à¤¾à¤¦à¤®à¤¿à¤• à¤”à¤° à¤µà¥à¤¯à¤¾à¤µà¤¸à¤¾à¤¯à¤¿à¤• à¤‰à¤¨à¥à¤¨à¤¯à¤¨ à¤¸à¤‚à¤­à¤µ à¤¹à¥‹ à¤¸à¤•à¤¾ à¤¹à¥ˆ à¥¤ à¤§à¤¨à¥à¤¯à¤µà¤¾à¤¦ à¤¦à¥€à¤•à¥à¤·à¤¾,5
Diksha App,Fix the bug for god sake,1
Diksha App,nice this app but I not like this app.,2
Diksha App,best,5
Diksha App,best app for digibook,5
Diksha App,à¤–à¥‚à¤ªà¤š à¤µà¤¾à¤ˆà¤Ÿ,1
Diksha App,à¤µà¥€à¤¡à¤¿à¤¯à¥‹ à¤•à¥€ à¤•à¥à¤µà¤¾à¤²à¤¿à¤Ÿà¥€ à¤¸à¥‡à¤Ÿ à¤•à¤°à¤¨à¥‡ à¤•à¥‡ à¤²à¤¿à¤ à¤‘à¤ªà¥à¤¶à¤¨ à¤¦à¥‹ à¤¹à¤®à¤¾à¤°à¥‡ à¤¯à¤¹à¤¾à¤‚ à¤¨à¥‡à¤Ÿà¤µà¤°à¥à¤• à¤¨à¤¹à¥€à¤‚ à¤°à¤¹à¤¤à¤¾ à¤¹à¥ˆà¤‚à¥¤ à¤‡à¤¸ à¤•à¤¾à¤°à¤£ à¤ªà¤°à¥‡à¤¶à¤¾à¤¨à¥€ à¤¹à¥‹à¤¤à¥€ à¤¹à¥ˆà¥¤ à¤”à¤° à¤¡à¤¾à¤Ÿà¤¾ à¤­à¥€ à¤…à¤§à¤¿à¤• à¤œà¤¾à¤¤à¤¾ à¤¹à¥ˆà¥¤ à¤µà¥€à¤¡à¤¿à¤¯à¥‹ à¤°à¥à¤• à¤°à¥à¤• à¤•à¤° à¤šà¤²à¤¾ à¤•à¥ƒà¤ªà¤¯à¤¾ à¤¥à¥‹à¤¡à¤¼à¤¾ à¤¸à¥à¤§à¤¾à¤° à¤•à¤°à¥‡à¤‚à¥¤,4
Diksha App,nice,4
Diksha App,very glitches in this application,1
Diksha App,ai feature will not properly response in some time and app needs to speed up for current time competation still good option,4
Diksha App,overall good i just have a problem I update it whenever it requires but still next time not even a week within I again have to update it and why do I need to log in every time and not all resources are shown sometimes its just blank,2
Diksha App,I had a very bad experience,1
Diksha App,very very nice ğŸ™‚ app bro ğŸ˜,5
Diksha App,such a slow app no matter if you complete a course it won't show that the course is completed and people can't even ask for help there. Even if this is a government app atleast fix the bugs and modify the app.,2
Diksha App,nice,5
Diksha App,good,5
Diksha App,good,5
Diksha App,it is doesn't open,1
Diksha App,à²“à²ªà²¨à³ à²®à²¾à²¡à²•à³ à²†à²—à³à²¤à²¾ à²‡à²²à³à²²,1
Diksha App,"why I am unable to download the application. I tried for the last 1/2 hr, I think their is a problem in the application",1
Diksha App,very nice app for the learning of the students,4
Diksha App,it hangs every minute,1
Diksha App,"so irritating app ,some functions are not work properly ğŸ‘ğŸ‘",1
Diksha App,nice à¤…à¤ªà¥à¤ª,4
Diksha App,This app has worst videos and some videos are not opening also this app is not work good since I have redmi A3x new phone and also says network error,1
Diksha App,very goodğŸ‘ğŸ‘,5
Diksha App,"Before this app used to work good but now it is showing"" no data found""",1
Diksha App,The Diksha app became even more nonsensical than before. The video of the course in the app does not proceed even after watching it several times.,2
Diksha App,it is benefitial to think about any problem and also useful in solving the same,3
Diksha App,"Dear Diksha Support Team, My diksha app is not working. it is giving me an error in courses. I am unable to complete any course. Please help me.",1
Diksha App,"à¤‡à¤¸ à¤¬à¤¾à¤° à¤•à¤¾ à¤…à¤ªà¤¡à¥‡à¤Ÿ à¤¬à¤¹à¥à¤¤ à¤¹à¥€ à¤¬à¥‡à¤•à¤¾à¤° à¤¹à¥ˆ à¤ªà¤¹à¤²à¥‡ à¤µà¤¾à¤²à¤¾ à¤…à¤ªà¤¡à¥‡à¤Ÿ à¤²à¤¾à¤‡à¤ ğŸ™ğŸ™ à¤•à¤¿à¤¤à¤¾à¤¬ à¤«à¥à¤² à¤¸à¥à¤•à¥à¤°à¥€à¤¨ à¤ªà¤° à¤¦à¤¿à¤–à¤¤à¤¾ à¤­à¥€ à¤¨à¤¹à¥€à¤‚ à¤¹à¥ˆ, à¤«à¥à¤² à¤¸à¥à¤•à¥à¤°à¥€à¤¨ à¤•à¤°à¤¨à¥‡ à¤®à¥‡à¤‚ à¤¦à¤¿à¤•à¥à¤•à¤¤ à¤†à¤¤à¤¾ à¤¹à¥ˆ, à¤¹à¤® à¤…à¤²à¤— à¤…à¤²à¤— à¤•à¤•à¥à¤· à¤•à¥€ à¤ªà¥à¤¸à¥à¤¤à¤• à¤•à¥‹ à¤à¤• à¤¹à¥€ à¤¸à¤¾à¤¥ à¤¨à¤¹à¥€à¤‚ à¤ªà¤¢à¤¼ à¤ªà¤¾à¤¤à¥‡ à¤¹à¥ˆà¤‚à¥¤ à¤œà¤¬ à¤à¤• à¤ªà¥‡à¤œ à¤•à¥‹ à¤«à¥à¤² à¤¸à¥à¤•à¥à¤°à¥€à¤¨ à¤ªà¤° à¤•à¤°à¤¤à¥‡ à¤¹à¥ˆà¤‚ à¤¤à¥‹ à¤¦à¥‚à¤¸à¤°à¤¾ à¤ªà¥‡à¤œ à¤†à¤¤à¤¾ à¤¨à¤¹à¥€à¤‚ à¤¹à¥ˆ à¤ªà¤¹à¤²à¥‡ à¤µà¤¾à¤²à¥‡ à¤ªà¥‡à¤œ à¤•à¥‹ à¤›à¥‹à¤Ÿà¤¾ à¤•à¤°à¤¨à¤¾ à¤ªà¤¡à¤¼à¤¤à¤¾ à¤¹à¥ˆ à¤¤à¤¬ à¤¦à¥‚à¤¸à¤°à¤¾ à¤ªà¥‡à¤œ à¤“à¤ªà¤¨ à¤¹à¥‹à¤¤à¤¾ à¤¹à¥ˆ please à¤‡à¤¸ à¤šà¥€à¤œ à¤•à¥‹ à¤ à¥€à¤• à¤•à¥€à¤œà¤¿à¤ à¤œà¤²à¥à¤¦à¥€à¥¤ ğŸ™ğŸ™ğŸ™ğŸ™ğŸ™ğŸ™ğŸ™ğŸ™ğŸ™ğŸ™ğŸ™",4
Diksha App,ver y nice app for school work,5
Diksha App,very nice app,5
Diksha App,it's not installed in my phone,5
Diksha App,DIKSHA is best platform for education,5
Diksha App,à¤®à¥‡à¤°à¥€ à¤•à¤•à¥à¤·à¤¾ 5 à¤•à¥€ à¤•à¤¿à¤¤à¤¾à¤¬ à¤•à¥‹ à¤¬à¥‹à¤² à¤°à¤¹à¥‡ à¤¹à¥ˆà¤‚ à¤…à¤‚à¤• à¤œà¤—à¤¤ à¤®à¤—à¤° à¤ à¤¨à¤¹à¥€à¤‚ à¤°à¤¹à¥€ à¤¹à¥ˆ à¤¸à¤°à¤•à¤¾à¤°à¤¿à¤¯à¥‹à¤‚ à¤•à¥€ à¤ªà¥à¤²à¥€à¤œ à¤‰à¤¸à¤•à¥‹ à¤šà¤¾à¤²à¥‚ à¤•à¤° à¤¦à¥€à¤œà¤¿à¤,2
Diksha App,the app doesn't get open quickly takes too much time to open and I can't study using this app,2
Diksha App,This app is very useful app.,5
Diksha App,good app for education,5
Diksha App,à¤—à¥à¤¡,5
Diksha App,vry helpful,5
Diksha App,super,5
Diksha App,l can't use the QR code scanner and when I click continue something gets copy and I don't know how to sign up form Google when wherever l was clicked on the sing up something gets copy please develop the app nicely,1
Diksha App,good,1
Diksha App,àªµàª¾àªµ,2
Diksha App,good,5
Diksha App,no use waste app I thought it is too but not is it right ğŸ¤¬ğŸ¤¬,1
Diksha App,super aap this aap is read and learn to book scaner ğŸ‘ thanks i am naitik. prajapati i. live in surajana naya mp 14 in mandsour ğŸ™ğŸ’ğŸŒ¹ğŸŒ¹ğŸŒ¹ğŸŒ¹ğŸ’ğŸ˜ŠğŸ˜ŠğŸ‘ŒğŸ‘ŒğŸ‘ŒğŸ‘ŒğŸ‘ŒğŸ‘ŒğŸ¤‘ğŸ‘ŒğŸ‘ŒğŸ¤‘ğŸ‘ŒğŸ‘ŒğŸ‘ŒğŸ‘ŒğŸ‘ŒğŸ‘ŒğŸ‘ŒğŸ‘ŒğŸ‘ŒğŸ‘ŒğŸ‘ŒğŸ‘ŒğŸ‘ŒğŸ‘ŒğŸ‘ŒğŸ‘ŒğŸ‘ŒğŸ‘ŒğŸ‘ŒğŸ‘ŒğŸ‘ŒğŸ‘ŒğŸ‘ŒğŸ‘ŒğŸ‘ŒğŸ‘ŒğŸ‘ŒğŸ‘ŒğŸ‘ŒğŸ‘ŒğŸ‘ŒğŸ˜ğŸ˜ğŸ˜ğŸ‘ŒğŸ˜ğŸ‘ŒğŸ‘ŒğŸ‘ŒğŸ˜ğŸ˜ğŸ‘ŒğŸ‘ŒğŸ‘Œ,5
Diksha App,ok,5
Diksha App,it has came first I open means update came I have did after it all changea,1
Diksha App,good aap ğŸ‘ğŸ»ğŸ‘ğŸ»ğŸ‘ğŸ»,5
Diksha App,this app is not supporting visually impaired this app is not supporting TalkBack option and also improve the accessibility features in this app,2
Diksha App,the app was so good,5
Diksha App,this app when you use you will get network problem and when you use to see the video you have need more MB while you are watching toll platform is good but network is not good even you use airtel or Jio network is always low,1
Diksha App,Kindly make this app suitable for Android 8 also. This app is not compatible with Android 8.,4
Diksha App,unable to login through the option because of an error: login with state system > Rajasthan > unable to connect to the remote server,1
Diksha App,excellent service,5
Diksha App,last few months I cant open the CPD traning for the teachers ... what can i do. please give a solution. If I open the link its not entering the Diksha app. If I type the course name in the app also it was not available ..,1
Diksha App,raj Sharma yah aap bahot acha hi,4
Diksha App,good app for educational purposes,5
Diksha App,awesome app,5
Diksha App,I am trying to open it but it's not opening.,1
Diksha App,10yeard,5
Diksha App,not working now what I have to do,5
Diksha App,Diksha app is a very helpful for students ğŸ‘ğŸ‘,5
Diksha App,This app is very good for all the students.,5
Diksha App,nice app,5
Diksha App,please help me,1
Diksha App,à¤¸à¥à¤Ÿà¥‡à¤Ÿ à¤¸à¤¿à¤¸à¥à¤Ÿà¤® à¤¸à¥‡ à¤²à¥‹à¤—à¤‡à¤¨ à¤¨à¤¹à¥€ à¤¹à¥‹ à¤°à¤¹à¤¾ à¤¹à¥ˆà¥¤,1
Diksha App,"At first many formalities were asked which is okay as I was new to the app. but when these were over, a pop up type message came in front of me saying do you agree to terms and conditions. as as a responsible citizen I red and agreed but still the would not open. the loading option comes and disappears. nothing else. I want to do MCQ of the AI session that NCERT has recently started.",1
Diksha App,this update is pathetic. I don't like this update and want the previous version. why the books of high school and intermediate are gone?,1
Diksha App,quite new to me .,5
Diksha App,it's not opening itself,1
Diksha App,Good,5
Diksha App,very nice app,5
Diksha App,nice,5
Diksha App,fhaltu app,1
Diksha App,bad,1
Diksha App,ğŸ‘ğŸ»ğŸ‘ğŸ» Good,2
Diksha App,it is very useful to students,5
Diksha App,good,5
Diksha App,nice and very good app I like this app,5
Diksha App,1- à¤à¤• à¤¸à¥‡ à¤…à¤§à¤¿à¤• à¤…à¤•à¥‰à¤‰à¤‚à¤Ÿ à¤®à¤°à¥à¤œ à¤•à¥ˆà¤¸à¥‡ à¤¹à¥‹à¤‚à¤—à¥‡ ?,1
Diksha App,It's very helpful for both teachers and students ğŸ˜Š,5
Diksha App,bhut badiya app he aap bhi 1 baar check kre or review bhi de taki or logo ko help mil sake pdai me,5
Diksha App,Usefull,5
Diksha App,nice,1
Diksha App,best app for teachers and learners,5
Diksha App,ğŸ’¯ğŸ’¯â€¼â€¼â€¼â€¼â€¼â€¼â€¼ğŸ’¯ğŸ¤£ğŸ’”ğŸ™ğŸ™ğŸ˜†,5
Diksha App,so bad ğŸ˜ğŸ˜ğŸ˜”,1
Diksha App,i don't know what is the problem with this app it was such an annoying app because it was not coming to open such a irritating app with 0 use if we want know what is the use of this app atleast we have to use the app but after logging also it was not working. it wasted my time and data,1
Diksha App,à¤œà¤¬ à¤¨à¤¯à¥‡ à¤ªà¤¦à¥à¤§à¤¤à¤¿ à¤•à¤¾ à¤ªà¥à¤¸à¥à¤¤à¤• à¤ªà¥à¤°à¤•à¤¾à¤¶à¤¿à¤¤ à¤•à¤¿à¤¯à¤¾ à¤œà¤¾ à¤šà¥à¤•à¤¾ à¤¹à¥ˆ à¤¤à¥‹à¤‚ à¤‰à¤¨à¤•à¥‡ à¤‰à¤¤à¥à¤¤à¤° à¤•à¥‹ à¥ª à¤®à¤¹à¤¿à¤¨à¥‹à¤‚ à¤®à¥‡à¤‚ à¤­à¥€ à¤¨à¤¹à¥€à¤‚ à¤¡à¤¾à¤² à¤¸à¤•à¥‡ à¤‡à¤¸ à¤à¤ª à¤®à¥‡à¥¤,1
Diksha App,one of the worst apps some textbooks are not displaying from Andhra Pradesh board,1
Diksha App,very bad,1
Diksha App,"Really helpful app for teachers and students! It's easy to use, and the content is well-organized. Great for online learning and training.",5
Diksha App,very good ğŸ‘ ğŸ‘ ğŸ‘Œ,5
Diksha App,"Diksha Book à¤µà¤¾à¤•à¤ˆ à¤¶à¤¾à¤¨à¤¦à¤¾à¤° à¤¹à¥ˆ! âœ¨ à¤‡à¤¸à¤®à¥‡à¤‚ concepts clear à¤¹à¥ˆà¤‚, language à¤†à¤¸à¤¾à¤¨ à¤¹à¥ˆ à¤”à¤° examples à¤­à¥€ exam-oriented à¤¹à¥ˆà¤‚à¥¤ 12th science à¤•à¥‡ students à¤•à¥‡ à¤²à¤¿à¤ à¤¯à¥‡ book à¤à¤•à¤¦à¤® helpful à¤¸à¤¾à¤¬à¤¿à¤¤ à¤¹à¥‹à¤¤à¥€ à¤¹à¥ˆà¥¤ ğŸ”¥ Suggestion: à¤¬à¤¸ à¤à¤• à¤¹à¥€ à¤•à¤®à¥€ à¤¹à¥ˆ â€” notes à¤•à¥€ à¤¥à¥‹à¤¡à¤¼à¥€ à¤•à¤®à¥€ à¤®à¤¹à¤¸à¥‚à¤¸ à¤¹à¥‹à¤¤à¥€ à¤¹à¥ˆà¥¤ à¤…à¤—à¤° short notes à¤¯à¤¾ summary add à¤•à¤° à¤¦à¥€ à¤œà¤¾à¤, à¤¤à¥‹ à¤¯à¥‡ book à¤ªà¥‚à¤°à¥€ à¤¤à¤°à¤¹ perfect à¤¬à¤¨ à¤œà¤¾à¤à¤—à¥€! ğŸ“–ğŸ’«",5
Diksha App,bhavika,5
Diksha App,very nice app Diksha,4
Diksha App,good,5
Diksha App,more usefully,5
Diksha App,it is good app for students that's nay opinion,4
Diksha App,kharab aap,1
Diksha App,Good App ğŸ˜€ğŸ‘â¤ï¸â€ğŸ©¹ğŸ¥€ğŸ¤ª,5
Diksha App,outstanding,5
Diksha App,This app is not working in My 65 interactive Display Please provide a solution.So that I can use this app for teaching my students.,3
Diksha App,good but I want that app for my studies please,5
Diksha App,worst app. there is no content related to any chapter in this board it's not useful at all .how to use this app while content not provide whenever I use it I don't get any content,1
Diksha App,"after Latest app Update, Login issue. Login again and again. everytime you open App, do login Login again and again. please solve Login issue.",1
Diksha App,this app is very nice for learning but I think devloper was sleeping while making this app. because the app is sead me to complete my profile and when went there was no save button in personal profile and app is not allowing me to study ğŸ˜”,4
Diksha App,"The app is best for students & teachers, like learn and trainings.",5
Diksha App,"It's a good app for teachers, but many of its videos and other content are not working and showing errors, even when I'm using the latest version.",3
Diksha App,iam doing 21vi Sadi ke kaushal cource by scert Uttarakhand but when going at mid evaluation of 2nd module self awareness and giving correct answer but showing 0/5 marks every time and showing try again. please solve it.,1
Diksha App,Very bad app ğŸ¤¬ğŸ¤¬ğŸ¤¬,1
Diksha App,"the content of app is very helpful but the problem is that the app is very slow often it takes too much time to play a small video, this makes the app useless sometimes.",1
Diksha App,amazing,5
Diksha App,"Earlier, this app was better working, but after updates, it totally changed and the whole digital text books of the Bihar board has gone missing. Too irritating app.",1
Diksha App,very useful for me,4
Diksha App,I Rate this app 1000/1000,5
Diksha App,Excellent,5
Diksha App,This app was amazing before update. After update it become worst.,1
Diksha App,best digital platform,5
Diksha App,maha ghatia appp,1
Diksha App,this app is very nice ğŸ‘â˜ºï¸ğŸ‘Œ,5
Diksha App,in recent update everytime I am getting logged out,5
Diksha App,ğ’‘ğ’–ğ’”ğ’‘ğ’‚ğ’ğ’‚ğ’•ğ’‚,5
Diksha App,Explore more class text book at a time is missing please update,3
Diksha App,1)ola app was very very good. 2)updated app is very very third class 3)login not work properly 4)I already registered but I can't login 5)old app provided all class and all subject material and videos But new updated aap provide selected class materials. so old app was very very good. that's why i want uninstall this app and unregistered,1
Diksha App,best app,5
Diksha App,Padhne ke liye yah bahut hi acha app hii,5
Diksha App,excellent flatform,5
Diksha App,not working properly all the time.,2
Diksha App,bad,1
Diksha App,à¤¥ à¤² à¤²à¤µ. à¤² à¤¥ à¤¦ à¤° à¤². à¤® à¤¯ à¤¤à¥à¤‹ à¤¤ à¤˜ à¤¢ à¤®,5
Diksha App,did everybody3,5
Diksha App,Rihan,5
Diksha App,help,5
Diksha App,verybad,1
Diksha App,à¤®à¥ˆ à¤¦à¥€à¤•à¥à¤·à¤¾ à¤…à¤ªà¥à¤ª à¤•à¥‹ à¤¬à¤¹à¥à¤¤ à¤¸à¤®à¤¯ à¤¸à¥‡ à¤ªà¥à¤°à¤¯à¥‹à¤— à¤•à¤° à¤°à¤¹à¥€ à¤¹à¥‚à¤ à¤²à¥‡à¤•à¤¿à¤¨ à¤œà¥‹ à¤¨à¤ˆ à¤…à¤ªà¤¡à¥‡à¤Ÿ à¤†à¤¯à¥€ à¤¹à¥ˆà¤‚ à¤µà¥‹ à¤¬à¤¿à¤²à¤•à¥à¤² à¤¹à¥€ à¤¬à¤•à¤µà¤¾à¤¸ à¤¹à¥ˆà¤‚à¥¤ à¤†à¤¶à¤¾ à¤•à¤°à¤¤à¥€ à¤¹à¥‚à¤ à¤•à¥€ à¤¦à¥€à¤•à¥à¤·à¤¾ à¤•à¤¾ à¤ªà¥à¤°à¤¾à¤¨à¤¾ version à¤­à¥€ à¤µà¤¿à¤•à¤²à¥à¤ª à¤®à¥‡ à¤¹à¥‹à¤—à¤¾à¥¤,1
Diksha App,useless app made by education department. non of the work sheets open or download after the recent update,1
Diksha App,â™¥ï¸â™¥ï¸â™¥ï¸â™¥ï¸â™¥ï¸â™¥ï¸â™¥ï¸â™¥ï¸â™¥ï¸â™¥ï¸,5
Diksha App,good,3
Diksha App,It is very nice app.It is very useful for teachers.,5
Diksha App,"Self evaluation option in SBA Training is not working. App is having many glitches. Not able to open the app. 08.10.2025 Login with state system (For Rajasthan Teachers) is not working. Please make necessary updates as the site is not rajsmsa, it is rajshaladarpan.rajasthan.gov.in now.",1
Diksha App,"This is a very bad app. The old version was good, but I have to login again and again. This is a very bad app. The old version was good, but I have to login again and again. It works the same way ğŸ‘ğŸ»ğŸ‘ğŸ»",1
Diksha App,i am learning now,5
Diksha App,ye pura kharab app hai mat use karo kyu open kiya ye hi nhi samajta band kardena chahiye is app ko,1
Diksha App,do not open,1
Diksha App,This is very very bad app. When I am sign in it doesn't sign in and telling me that my network is bad. So now I am going to uninstall. So this is my review,1
Diksha App,à¤µà¤¿à¤¦à¥à¤¯à¤¾à¤°à¥à¤¥à¤¾à¤‚à¤¨à¤¾ à¤¶à¤¿à¤•à¤µà¤£à¥à¤¯à¤¾à¤¸à¤¾à¤ à¥€ à¤–à¥à¤ª à¤‰à¤ªà¤¯à¥à¤•à¥à¤¤ à¥²à¤ª à¤†à¤¹à¥‡,5
Diksha App,good platform sabhi yaha se hi sabhi subjects free me padhe,5
Diksha App,Very good app,5
Diksha App,"The DIKSHA App is an excellent platform for both teachers and students. It is user-friendly, with clear and appropriate instructions that are easy to follow. The app is highly accessible, and the quality of contentâ€”both video and audioâ€”is superb. The language used throughout the platform is appropriate and effectively conveys the intended concepts. The theoretical content is well-structured and easy to understand, making it an effective tool for enhancing the teaching and learning experience.",5
Diksha App,"""A Great Platform for Digital Learning!"" I've been using the DIKSHA app for a few months now, and it's a fantastic tool for both teachers and students. The content is aligned with the NCERT curriculum, and the lessons are presented in a simple and engaging way. What I appreciate the most is the availability of resources in multiple Indian languages, making it accessible to a wide audience. The QR code scanning feature in textbooks is very convenient, and the video lessons are high quality.",5
Diksha App,"I'm a teacher and I've been using the Diksha app regularly. It's very helpful for completing trainings and accessing quality teaching resources. The app is easy is use, and everything works smoothly. Thank you to the team for creating such a useful platform.",5
Diksha App,"DIKSHA is a great learning platform that offers quality educational content for teachers and students. Itâ€™s easy to use, available in many languages, and helps improve teaching and learning skills.",5
Diksha App,"finally I got to login, but the content I was looking for was not there, kindly upload drawing subject content please.",3
Diksha App,good,4
Diksha App,it doesn't open the video it show error please cheat it,5
Diksha App,à¤¸à¤¬à¤¸à¥‡ gatiya aap hai bekar ka banaya hai,1
Diksha App,good,5
Diksha App,waste,1
Diksha App,very good day for me,5
Diksha App,good ğŸ’¯ğŸ’¯ğŸ’¯ğŸ’¯ğŸ’¯ğŸ’¯ğŸ’¯ğŸ’¯ğŸ’¯ğŸ’¯ğŸ’¯ğŸ’¯ğŸ’¯ğŸ’¯ğŸ’¯,5
Diksha App,It takes tooo much time to load. Make it fast. It is half term over and still content is not uploaded for sanskrit subject. It's new subject this year. If no content then what's use of this app.,1
Diksha App,"It is not working like before....facing lot of problem..after signing in also, between the lesson it is stopping and asking to sign in again....I'm uninstalling this...very bad experience",5
Diksha App,these app very slow,1
Diksha App,faltu aise kuchh fayda nahin is cheez ka pata nahin kya kya chij ki permission mangti rahti hai yah app mat download karo,1
Diksha App,very bad not loading properly and very laggy pls fix,1
Diksha App,very interesting,5
Diksha App,mast app,5
Diksha App,The worstt don't have explanation of the chapter when we scan and in McQ it is loading at 75percent fix this problem,1
Diksha App,nice,5
Diksha App,they are just launch app but content is not available on this platform... which is unprofessional thing...,1
Diksha App,Best app for Teacher Thanks DIKSHA ___,5
Diksha App,sometime it doesn't give an actual videos to related about topic. sometime is not related to our chapter that we search. it is good for study but not at well,3
Diksha App,"My profile is already updated, but during the course it still asks me to update it.",4
Diksha App,very nice,5
Diksha App,ek number app ha,5
Diksha App,Best For Learning,5
Diksha App,best experience with the help of this app,5
Diksha App,This app is fully waste of time because it has no content or data for classes ncert this app was very bad don't download it,1
Diksha App,à²¹à³ˆ,5
Diksha App,This is a biggest nonsense app,1
Diksha App,This app is good for students,5
Diksha App,superb ğŸ™ğŸ¼,2
Diksha App,Nice and beneficial for teachers.,4
Diksha App,good,5
Diksha App,good,5
Diksha App,is not working properly tried many times to login but .... it's not responding,1
Diksha App,good,5
Diksha App,very use les app,5
Diksha App,worst,1
Diksha App,good,5
Diksha App,very good application,5
Diksha App,"It is good help for everyone knows anything, it's good for students and teachers to learn more about any subject s.",4
Diksha App,unable to login with state system,1
Diksha App,so beautiful and nice app,2
Diksha App,my pride,5
Diksha App,app is not supporting in my phone to complete the SLD course,1
Diksha App,good,5
Diksha App,It is very useful app for every children and teacher,5
Diksha App,Good initiative. But you guys need to work on user interface.,3
Diksha App,very nice aap,5
Diksha App,excellent,5
Diksha App,this app is very bad. this is not workingğŸ˜‘.,1
Diksha App,Nice ğŸ‘ğŸ™‚,5
Diksha App,I am studying for general compition,5
Diksha App,dise spp are helful,5
Diksha App,best,5
Diksha App,it's so worst and weird that I just login now and its asking password you need improvement for sure or else. no one will use this app,1
Diksha App,it was a really good using this,5
Diksha App,It is very helpful app for students and teachers to explain the concept,5
Diksha App,very very bad because i have high speed network but when I entered in app and select my board and class it is not corresponding I am trying from 15 minutes till not responding very very irritating,1
Diksha App,good,4
Diksha App,bahut achha app,5
Diksha App,this is so usefull,5
Diksha App,nice ğŸ™ğŸ™ğŸ™ğŸ™â¤ï¸â¤ï¸â¤ï¸â¤ï¸,5
Diksha App,didn't find usefull,1
Diksha App,no use app not working busy lodding worst app,1
Diksha App,super app diksha,5
Diksha App,worst app in the world everything is laging in 32gb ram computer,1
Diksha App,that good and imaging,5
Diksha App,not open video very slow,1
Diksha App,diksha app is a very nice app so good ğŸ‘ğŸ‘ğŸ‘ğŸ‘ğŸ‘ğŸ‘ğŸ‘ğŸ‘ğŸ‘ğŸ‘ğŸ‘ğŸ‘ğŸ‘ğŸ‘ğŸ‘ğŸ‘ğŸ‘ğŸ‘ğŸ‘ğŸ‘ğŸ‘ğŸ‘ğŸ‘ğŸ‘ğŸ‘ğŸ‘ğŸ‘ğŸ‘ğŸ‘ğŸ‘ very helpful app,5
Diksha App,I really didn't liked this app,1
Diksha App,I love you dikha app yah bahut achha app hai,5
Diksha App,ğŸ˜˜ğŸ˜˜ğŸ¥°,5
Diksha App,nice,5
Diksha App,it's very good,5
Diksha App,I think it is best for all,5
Diksha App,login or register hi nhi hota h kyu banaya g ghatiya app,1
Diksha App,wow! wow! wow! how much useful app,5
Diksha App,"worst app its main purpose is to give money to the controctor, not useful for single student as it will take 15 mins to load not compatible for anoriod getting text book is harder than writing exam. main purpose is to keep students away to the app and to discourage pepole to download it..",1
Diksha App,good,5
Diksha App,thse is good too write the notes,5
Diksha App,bhut achha,5
Diksha App,â¤ï¸â¤ï¸â¤ï¸â¤ï¸â¤ï¸â¤ï¸ğŸ˜®,5
Diksha App,state system login option is not working for Uttar Pradesh,1
Diksha App,niceğŸ¤©,5
Diksha App,Vishesh Kumar,5
Diksha App,good reading notes,5
Diksha App,ğŸ‘Œmkp,5
Aarogya Setu,erro to login why I couldn't understand,2
Aarogya Setu,very baddddd,1
Aarogya Setu,verry bed service,2
Aarogya Setu,stopped working now. another one of those govt brainwaves that go down the gutter. future of Sanchar Sathi. All noise,1
Aarogya Setu,it doesn't install another mobile,1
Aarogya Setu,app not working,1
Aarogya Setu,worest,1
Aarogya Setu,nice,5
Aarogya Setu,"App crashing after location permission, then after entering mobile number, it's unable to login.",1
Aarogya Setu,very bad koi bhi govt hospital ki report open nhi hoti hai,1
Aarogya Setu,having problem in login is the error,1
Aarogya Setu,Unable to use the app because its crashed on the very first page,1
Aarogya Setu,Nice and best app,5
Aarogya Setu,awesome ğŸ‘,5
Aarogya Setu,ğŸ¥° Very Nice App ğŸ¥° ...,5
Aarogya Setu,bad,1
Aarogya Setu,ekdam bakwas app hai open hi nahi hota hai,1
Aarogya Setu,"Not able to proceed when I click ""I Agree"" since 3 days. when I put mobile number, it shows ""error logging you in"". what's wrong with the application? Update- another week passed, and the issue is not resolved.",1
Aarogya Setu,nahi chahiye,1
Aarogya Setu,unable to login... kindly support,1
Aarogya Setu,not working,1
Aarogya Setu,can't login by mobile number it is showing something is error...,1
Aarogya Setu,unable to login app after updating plz help,3
Aarogya Setu,I can not even log in,1
Aarogya Setu,"This app is not working. Tried better and better connectivity network,",1
Aarogya Setu,FALTU AAP KONI BANAVALA BE,1
Aarogya Setu,Worst app that I have ever used. I can't even login,1
Aarogya Setu,not able to open my account at all,1
Aarogya Setu,love it,5
Aarogya Setu,dumbass app,1
Aarogya Setu,nice app,5
Aarogya Setu,bakwas,1
Aarogya Setu,"This app logs out occassionally and then always gives error for login with mobile number. The error says - There is some error logging you in. Where as we input correct number, but error is consistent and we also tried logging with many other phone numbers of family members and friends, on their respective devices. Everyone facing the same logging issue. Please check",1
Aarogya Setu,not able to log in through the app,1
Aarogya Setu,"Worst app in the world, they are not able to fix login problem for last 5 years. Does Indian government doesn't pay them or are they corrupted to their core. Please fix these small bugs.",1
Aarogya Setu,I cannot log in app.. Please fix it,5
Aarogya Setu,showing error while logging in,1
Aarogya Setu,not interested.,1
Aarogya Setu,This App Has An Log In Issues For Past 4 years But Still Having Same issue ğŸ˜¶ğŸ˜• This Is Called Government App ğŸ¤”,1
Aarogya Setu,log in problem ho raha hai,1
Aarogya Setu,Most useful.,5
Aarogya Setu,fail to login mobile no not get when login,3
Aarogya Setu,Good,5
Aarogya Setu,Very nice app,5
Aarogya Setu,Indian aap,5
Aarogya Setu,",z DX a",5
Aarogya Setu,ğŸ‘ğŸ’”,1
Aarogya Setu,unable to login due to technical issues,1
Aarogya Setu,"not accepting mobile number, login issue",1
Aarogya Setu,not working no logging app,1
Aarogya Setu,ok,5
Aarogya Setu,Great ğŸ‘,5
Aarogya Setu,"Resoected Sir/Madam, Previously Arogya Setu working well but now when I submit my phone No , it did not working after that.",5
Aarogya Setu,cannot login,1
Aarogya Setu,"Error login even after multiple tries. If the app is used as reference for international purposes, it should run smoothly.",1
Aarogya Setu,I'm not login my account,1
Aarogya Setu,does not work. error logging in. worthless,1
Aarogya Setu,"worst app when i installed it it started on off on off my screen and not giving to type my mobile number, i think developed by 10 th class student",1
Aarogya Setu,"Sir, I am facing login problem. My mobile number doesn't accept and show ' some error ' ğŸ˜­ğŸ˜­",1
Aarogya Setu,veery bad service,1
Aarogya Setu,"Experiencing ""some error logging you in"". Nothing seems to fix it. Major inconvenience.",1
Aarogya Setu,Government need to enhance their apps to provide better connectivity these apps have login error also trouble in login. there are so many coders web developers government need to use their own peoples to make better connectivity,1
Aarogya Setu,There is some error trying logging you. This is coming inthe red words when i try to log in with my mobile number.,1
Aarogya Setu,I see a lot of bugs while launching the app. It is not taking the mobile number at the same time it is falling,1
Aarogya Setu,â¤ï¸,5
Aarogya Setu,unable to login,1
Aarogya Setu,not submitted mobile number for use of application,1
Aarogya Setu,"hi sir, is this service stopped. we were regularly using this it was really helpful",4
Aarogya Setu,"can't even start always the same error while Login there is some error logging you in, useless app",1
Aarogya Setu,useless,1
Aarogya Setu,cannot enter details. phone keyboard continuously up and down,1
Aarogya Setu,tik hui,5
Aarogya Setu,There is some error logging you in- after entering mobile number and hitting the submit button can't even log in Best part is the Developer Never responds to any feedback,1
Aarogya Setu,app is not letting me log in using my mobile number. It says something went wrong.,1
Aarogya Setu,log in problem,1
Aarogya Setu,useless no use login error,1
Aarogya Setu,Login issue,1
Aarogya Setu,First Covishield was done on 4th March and second one on 15th April but still only provisional certificate is issued,5
Aarogya Setu,unable to login. says some error in logging in. but not other option to resolve. please take initiative,1
Aarogya Setu,bad experience,1
Aarogya Setu,stopped working,1
Aarogya Setu,not working,1
Aarogya Setu,this app glitch slow n error no response from server,1
Aarogya Setu,*No improvement at all in last 5 years. Read my post sent below. After submitting a number you do not send OPP to registered mobile !! Wonder !!!* Contributing button does not work. So one cannot register himself or herself. By mistake if we come in contact will the alarm ring ? What way it will inform ? Arogya setu is not working. 3/4 days ago it was working. Definitely some virus has infected the app itself. Please rectify urgently.,2
Aarogya Setu,worst app. login problem,1
Aarogya Setu,not working,1
Aarogya Setu,not work at all.idk why ?,1
Aarogya Setu,unable to log in,1
Aarogya Setu,not working,1
Aarogya Setu,Very nice,5
Aarogya Setu,not working in 2025 i am unable to download my vaccine certificate.,1
Aarogya Setu,it simply doesn't allow login after agreeing to terms and conditions,1
Aarogya Setu,"Right now ,I need my vaccination certificated and i am not able to log in this app ,why?",1
Aarogya Setu,not working,1
Aarogya Setu,i am unable to login using mobile number and same things happen with my husband and other family members.,3
Aarogya Setu,every time when try to login error,1
Aarogya Setu,"this app is not providing proper service to their users I can't even login into app after agreed to location and T&C the app ask to enter the mob no. but after that i am getting an error message ""there is some error logging you in"" How to login now? please see into it and resolve asap",1
Aarogya Setu,it is not working at all pathetic service no one available on phone support.is this digital India or joke?,1
Aarogya Setu,government Ne is app ko band kar diya aur covin wale website ko bhi band kar diya hai,1
Aarogya Setu,remove the login glitch,1
Aarogya Setu,don't download plz ğŸ™,1
Aarogya Setu,Horrible. Didn't expect this from this Government.,1
Aarogya Setu,jab se aaya tab se ab tak login error hi sahi nhi hua pta nhi govt kese aap develop kerti hai,1
Aarogya Setu,unable to login.,1
Aarogya Setu,app is not open,1
Aarogya Setu,always down,1
Aarogya Setu,"this app allways issue show ""thee is some error login you in "" I try 3 month regular but same issues show all time .wrost app ğŸ˜¡ğŸ˜¡",1
Aarogya Setu,App is unable to send OTP and I am not able to login in the APP.,4
Aarogya Setu,App is not working,1
Aarogya Setu,App crashes after agreeing to the terms and conditions.,1
Aarogya Setu,"à¤¸à¤¹à¤¸à¥à¤¤à¥à¤° à¤•à¥‹à¤Ÿà¤¿ à¤šà¤°à¤£à¤¸à¥à¤ªà¤°à¥à¤¶,, à¤ªà¥à¤°à¤£à¤¾à¤®,, à¤¶à¥à¤­à¤•à¤¾à¤®à¤¨à¤¾à¤à¤‚ à¤à¤µà¤‚ à¤¬à¤§à¤¾à¤ˆ!!",5
Aarogya Setu,not working at all,1
Aarogya Setu,worst app previously i signed up with my number here but now I am not able to login as well as not able signup total waste of time,1
Aarogya Setu,most useless app man I can't even log in why india cannot make a proper one app,1
Aarogya Setu,I don't like it when I try to log in and it says error,1
Aarogya Setu,Login problem,3
Aarogya Setu,worst app 5 year mee aaj tk server thik nhi hua always showing error,1
Aarogya Setu,never accept a 10 digit number very poor service,1
Aarogya Setu,trash application. it doesn't open. the government only makes people fool.,1
Aarogya Setu,I am unable to logging in aarogya setu app for a long time,1
Aarogya Setu,"I am getting problem while logging in this app many times, error comes again and again",1
Aarogya Setu,not working,1
Aarogya Setu,not working,1
Aarogya Setu,it's not working seems nowadays. I downloaded again and it's not accepting mobile number also and says error occurs,1
Aarogya Setu,not able to login error show.. there is some error login you,1
Aarogya Setu,good,5
Aarogya Setu,"not able login, tried so many times. pls help",1
Aarogya Setu,app hi oepn nhi ho raha hai,1
Aarogya Setu,Login problem,1
Aarogya Setu,Application crashes whenever tried to login at the point when mobile no is asked for login .,3
Aarogya Setu,this app is not work login issue please check the problems and resolve,1
Aarogya Setu,There is some error logging you in I- I keep getting this message. It doesn't say what error or how I can fix it.,1
Aarogya Setu,not able to login with mobile number pls help and fix,1
Aarogya Setu,facing problem in login,2
Aarogya Setu,very nice,4
Aarogya Setu,i am unable to login,1
Aarogya Setu,very bad aap,1
Aarogya Setu,not able to login,1
Aarogya Setu,wrost app can't login into app,1
Aarogya Setu,login error ğŸ˜,1
Aarogya Setu,This app crashes suddenly and shows errors when I try to log in.,1
Aarogya Setu,sorry,1
Aarogya Setu,what a nonsense and buggy app why does all govt apps are not working,1
Aarogya Setu,not able to login,1
Aarogya Setu,worst app cant even login at first,1
Aarogya Setu,Good ğŸ‘,5
Aarogya Setu,if it is discontinued why is it still here. doesn't work anyways.,1
Aarogya Setu,worst app don't open always shown error,1
Aarogya Setu,very bad in log in disgusting,1
Aarogya Setu,Please fix your servers first,1
Aarogya Setu,good work app,5
Aarogya Setu,sucks,1
Aarogya Setu,ok,3
Aarogya Setu,we have experience error in logging up please fix this issue ğŸ˜”,1
Aarogya Setu,unable to login,1
Aarogya Setu,fails to even start,1
Aarogya Setu,My name is Vandana . I'm from Karnataka.I'm not able use arogya setu app because it's showing logging in problem. I hope that you will solve my problem as soon as possible.,3
Aarogya Setu,is app doesn't even login to the actual homepage,1
Aarogya Setu,"useless app, it goverment app and not working",1
Aarogya Setu,Waste,1
Aarogya Setu,good,4
Aarogya Setu,nice,5
Aarogya Setu,Not able to login,1
Aarogya Setu,Beautiful app.I am RRJB of the army.I am a sanyasi holy men.,5
Aarogya Setu,app not working,1
Aarogya Setu,no support....phone number provided is not valid,1
Aarogya Setu,Full of bugs not able to open the app,1
Aarogya Setu,Is server down?,2
Aarogya Setu,unable to login,1
Aarogya Setu,app not staring showing some log in error,1
Aarogya Setu,not working,1
Aarogya Setu,my life is sef tx for you,5
Aarogya Setu,à¤–à¥ˆ,2
Aarogya Setu,otp verification hote hi nahi hai,1
Aarogya Setu,great experience,4
Aarogya Setu,I'm trying to login app but it's showing error after mobile number update,1
Aarogya Setu,showing error while login,1
Aarogya Setu,the worst app exist in playstore. not able to login.,1
Aarogya Setu,very bad app khultu j nathi,1
Aarogya Setu,not working please improve it,2
Aarogya Setu,Not able to login.,1
Aarogya Setu,what's the use if I can't login and download certificate in times of urgency,1
Aarogya Setu,Good,5
Aarogya Setu,"Respected sir) mam, This app is not working, pl solve this issue as soon as possible tnk u sir/mam Jai Hind Saab.",5
Aarogya Setu,Nice,5
Aarogya Setu,not working.please solve the problem,1
Aarogya Setu,not working,1
Aarogya Setu,appreciated and good for people living india,5
Aarogya Setu,it's A Nice One ..,5
Aarogya Setu,à²¨à²¾à²Ÿà³ à²“à²ªà²¨à³,5
Aarogya Setu,I haven't even entered my mobile number and it's crashing out non stop,1
Aarogya Setu,My registered mobile no.is not accepting. please suggest.,2
Aarogya Setu,unable to enter phone number. screen is flickering,1
Aarogya Setu,showing error most of the times unable to login,1
Aarogya Setu,i am not able to login to in this app,1
Aarogya Setu,login error ... unable to log in plz fix your app,1
Aarogya Setu,It id failed to logging you in after 48 hours ago,1
Aarogya Setu,"good an animation touch with good health's indication-exercisization main view about real an age off health this must concentrating value combination health circle arogya mition """"really good about health mention",4
Aarogya Setu,I've logging error problem please fix it..,2
Aarogya Setu,good,5
Aarogya Setu,not working,1
Aarogya Setu,à¤…à¤­à¥€ à¤šà¤² à¤¨à¤¹à¥€à¤‚ à¤°à¤¹à¤¾ à¤¹à¥ˆ à¤²à¥‰à¤—à¤‡à¤¨ à¤­à¥€ à¤¨à¤¹à¥€à¤‚ à¤¹à¥‹ à¤°à¤¹à¤¾ à¤¹à¥ˆ 3 à¤®à¤¹à¥€à¤¨à¥‡ à¤¸à¥‡,5
Aarogya Setu,ok,5
Aarogya Setu,screen blinking when try to register,1
Aarogya Setu,very bad,1
Aarogya Setu,I'm not able to login.my pgi entrance test made it compulsory to have login to it .but it's not happening.ğŸ˜­ I'm am afraid that I'll not eligible ğŸ˜­,1
Aarogya Setu,"The app fails to start even after 18 hours of downtime. Only throws ""there is some error logging you in"" ur way without providing step-by-step ways to resolve the issue. A simple Google search tells u people have been posting stopgap measures for this problem since 2021 and the app devs have still yet to address the core problem. For the record, I have done everything to make the app work. Turning on bluetooth & location, syncing the date with the network, etc.",1
Aarogya Setu,à¤®à¥‡à¤°à¥‡ à¤«à¥‹à¤¨ à¤®à¥‡à¤‚ à¤¯à¤¼à¤¹ aarogya app open nhi ho rha hai.,4
Aarogya Setu,problem in login,1
Aarogya Setu,"Only showing ""There is some error logging you in""",1
Aarogya Setu,Good,3
Aarogya Setu,"I am unable to login in app, as soon as I open the app and terms and conditions after i agree it opens a window or UI for entering mobile number and as I fill it in and submit I get an error "" There is some error logging you in"". and I also tried reinstalling the app but it's still the same error",1
Aarogya Setu,login nahi ho raha hai.,1
Aarogya Setu,very bad app hangs all the time,1
Aarogya Setu,good,5
Aarogya Setu,doesn't work properly ğŸ¥ºğŸ¤¬,1
Aarogya Setu,not working don't use,1
Aarogya Setu,it is a good app .but now iam unable to login .help me,5
Aarogya Setu,not opening there is an error in aarogya setu app,1
Aarogya Setu,not working,1
Aarogya Setu,bakbas app age nhi bathata,1
Aarogya Setu,"app is not allowing to login. giving error ""there is some error logging you in""",1
Aarogya Setu,bad,1
Aarogya Setu,super,4
Aarogya Setu,bekar,1
Aarogya Setu,Log in Problem,2
Aarogya Setu,it really very good app,5
Aarogya Setu,very nice,5
Aarogya Setu,What's wrong with it. I'm not able to login in the app.,5
Aarogya Setu,Why is this app not government verified?,3
Aarogya Setu,Not working on my One+ Nord AC2001 Model mobile.,4
Aarogya Setu,It is very important to safe covid- 19.Its safe time to time . But It's confused where is Corona positive,5
Aarogya Setu,good,5
Aarogya Setu,good,5
Aarogya Setu,nice work,4
Aarogya Setu,ok,5
Aarogya Setu,nice,5
Aarogya Setu,okkkkk,5
Aarogya Setu,very good experience,5
Aarogya Setu,good,5
Aarogya Setu,stupid app only bugs it doesn't open the app and stuck on the page to accept T&C,1
Aarogya Setu,bad,1
Aarogya Setu,good,5
Aarogya Setu,worst experiance,1
Aarogya Setu,not working in my mobile,5
Aarogya Setu,throwing error while logging in,1
Aarogya Setu,The app is not working for logging in.,1
Aarogya Setu,very good,5
Aarogya Setu,can't login please help,3
Aarogya Setu,very bad not working not even letting me login..,1
Aarogya Setu,Facing issue while logging in,1
Aarogya Setu,"cant even login, tried puting my both numbers still shows error from past one week not sure if its still working",1
Aarogya Setu,best app for safety public,5
Aarogya Setu,I am unable to log into the app,1
Aarogya Setu,it is not opening,1
Aarogya Setu,average,2
Aarogya Setu,not able to login,1
Aarogya Setu,error login,1
Aarogya Setu,Is there a issue with this app. I am getting error there is some issue logging you in with my cell no.,1
Aarogya Setu,unable to login,1
Aarogya Setu,login problem hai,1
Aarogya Setu,previously worked properly but now days not login and not show particular problem..,1
Aarogya Setu,bad,1
Aarogya Setu,ğŸ˜”,1
Aarogya Setu,I like this app,5
Aarogya Setu,don't use this waste app,1
Aarogya Setu,not working,1
Aarogya Setu,very nice app,5
Aarogya Setu,Ab Aaps khul kyo nhi rha he,5
Aarogya Setu,ok,5
Aarogya Setu,I am not able to login.,4
Aarogya Setu,good,5
Aarogya Setu,very good app for our protection,5
Aarogya Setu,logging error thise time,5
Aarogya Setu,earlier aarogya setu was working but again it is not working in my device. please fix it as it is very useful application,5
Aarogya Setu,login failed. not working,1
Aarogya Setu,login nahi hota he number ke bad bar bar error batata he,1
Aarogya Setu,I'm trying to login but it's not working,1
Aarogya Setu,"Now, it is possible to login. Even if we give correct mobile phone no. it gives error. please check and rectify. thank you",1
Aarogya Setu,unable to login. shows login error. unable to find out the error and rectify,1
Aarogya Setu,total waste of precious time and energy. not able to re register or open my account again for getting the health status for travelling. not able register or sign into the app.,1
Aarogya Setu,unable to access. phone number could not be inserted. bad experience. at the time of covid 19 it helped too much.,1
Aarogya Setu,please check the app as it is not working . It doesn't allow you to login into the app .,1
Aarogya Setu,Aarogya Setu app is not working in my new mobile it says ' there is an error in logging you in' what is the error . why an Indian citizen unable to use Arogya Setu apo ??. This app don't accept my mobile number ... I'm unable to open this app.. please help,3
Aarogya Setu,worst app unable to log in,1
Aarogya Setu,I can't even register my phone number ğŸ˜”how can I use this app then,1
Aarogya Setu,Helth is welth,5
Aarogya Setu,It is not accessible,1
Aarogya Setu,login error ğŸ˜­,1
Aarogya Setu,"Entering Mobile number and submitting, shows ""Error logging you in"". How can it be settled? I tried after reinstalling the app, but the same result.",1
Aarogya Setu,worst app,1
Aarogya Setu,terrible experience. doesn't work,1
Aarogya Setu,can't login,1
Aarogya Setu,not working as of 7 jun 2025. error after entering mobile number,1
Aarogya Setu,login problem happened,1
Aarogya Setu,its not working y what we do now,1
Aarogya Setu,Unable to login to Aarogya setu app,1
Aarogya Setu,not working showing error after typing number,1
Aarogya Setu,NOT ABLE TO LOG IN,5
Aarogya Setu,I am unable to log in. Repeated attempts failed like uninstalling and installation again,2
DigiLocker,I can not open digilocker in my mobile.,5
DigiLocker,very very nice aap,5
DigiLocker,good nice,5
DigiLocker,"Not Opening... keep showing ""Oops, something went wrong please try again""",1
DigiLocker,the best app,4
DigiLocker,good,5
DigiLocker,app crashed,1
DigiLocker,bahut bekar hai,1
DigiLocker,ok,4
DigiLocker,Good Application,5
DigiLocker,Nice,5
DigiLocker,in which there is no option of 10th or 12th marksheet of bihar. even there is no option of class 10th certificate in the section of class X marksheet.,2
DigiLocker,Useful app,5
DigiLocker,good,5
DigiLocker,PLEASE ADD BIJU PATNAIK UNIVERSITY OF TECHNOLOGY (BPUT) DEGREE CERTIFICATE OF ODISHA,2
DigiLocker,"bahut hi aacha application hai, sab log download kijiye.",4
DigiLocker,excellent,5
DigiLocker,extremely bad user experience,1
DigiLocker,No board of Bihar shows,3
DigiLocker,super,5
DigiLocker,I like that I can check delivery options and read reviews all in one place it makes planning a purchase much easier,5
DigiLocker,Sir please very serious app,5
DigiLocker,can't re login worst app a government can make,1
DigiLocker,digilocker should provide some facilities in app like help desk or complaint options we have to connect with web page again and again,4
DigiLocker,Very excellent & Good User Interface....,5
DigiLocker,suddenly close when you open the app,1
DigiLocker,wonderful app,5
DigiLocker,### New observation When try to login through facial recognition of new aadhar app It enters inside new aadhar and shows aadhar card. No digilocker dashboard ### Poor android app and correct 6 digit pin do not work properly but web / browser based login is ok with same pin @ same time. Some times same pin is ok in android app. Suddenly logout on its own with unauthorised access message. Problem lies ing android app only but web based application is working fine. Reliability is important.,2
DigiLocker,adhar card se link nahi ho reha hai,1
DigiLocker,very useful,5
DigiLocker,aap Kisi Ko data mat share karo,1
DigiLocker,"I Think There is an Error in this app, To View my Documents It is showing that Verify with Aadhaar but I have already registered with my Aadhaar but it is showing again verify with Aadhaar. Please Resolve This Issue As soon as possible",1
DigiLocker,bekar feature.simple hona chahiye tha nahi hai!,1
DigiLocker,use full app,5
DigiLocker,good Application,5
DigiLocker,very much helpful,5
DigiLocker,super sequre à°¯à°¾à°ªà±,5
DigiLocker,bhagundi,5
DigiLocker,oops something went wrong details raha hai,1
DigiLocker,KYC centre bnao jisse logon ki help ho jayegi Aaj bhi log KYC ke liye pareshan hai digilocker maybe temporary OTP ka option hona chahie. KYC ke liye use hota hai to temporary OTP ka option jarur hona chahie must be important,4
DigiLocker,unable to delete registered agreements of Sale purchase,1
DigiLocker,Good,5
DigiLocker,"I tried to login with my face scan & adhar otp. If I try to issue any document I'm kicked out & it says "" unauthorised"". like dude I'm the owner, I literally gave you, RD scan what else do you need me to prove ?",1
DigiLocker,excllent,5
DigiLocker,It's an amazing app where i can find all my documents and I can use those documents in airports etc. app is smooth and you can save some external certificates if you wish to,5
DigiLocker,good,5
DigiLocker,à´‡à´†,3
DigiLocker,ok,5
DigiLocker,I am so sorry,5
DigiLocker,yes I don't have to bother about documents while it's locked in it.,5
DigiLocker,Excellent,5
DigiLocker,its not good,1
DigiLocker,why you not add bihar,1
DigiLocker,after update not working my phone,5
DigiLocker,best government app smooth user interface and very fast .,5
DigiLocker,I pass my 10th board exam in 2022 but app not upload my document,1
DigiLocker,good ğŸ‘,4
DigiLocker,Genuine platform,5
DigiLocker,I could not find cbse,1
DigiLocker,best government app for documents work,5
DigiLocker,good,5
DigiLocker,This is a best app in student because he is very helpful in student,5
DigiLocker,good,5
DigiLocker,very good,5
DigiLocker,Can't open this trash app because I use developer mode on my phone. Who comes up with these lame security checkpoints. Utterly useless after the update.,1
DigiLocker,very good,5
DigiLocker,worst app,1
DigiLocker,The certificates of students who passed the National Trade Certificate in 2025 after the year 2024 are not being verified.,1
DigiLocker,Safe and Secureeeeeee,5
DigiLocker,Nice ğŸ‘ğŸ‘,5
DigiLocker,à¤‰à¤ªà¤¯à¥‹à¤—à¥€ à¤¹à¥‚à¥¤,5
DigiLocker,digilocker not working this phone,1
DigiLocker,awsme,5
DigiLocker,some problem like ration Card fetching,4
DigiLocker,there is no option for Bihar 10th/12th marksheet download. Absolutely disgusting app,1
DigiLocker,not start,1
DigiLocker,good,5
DigiLocker,excellent,5
DigiLocker,"facing difficulty after updating the app, be more user friendly",1
DigiLocker,Very ease to access and get our documents digitally,5
DigiLocker,update your app is 2025 please ğŸ™,1
DigiLocker,useful for many time,5
DigiLocker,not good.,1
DigiLocker,"when i try to access it, it asks for verification and when i verify and again try to access it asks for verification. this completely runs in loop. fix this bug digilocker team !!!",1
DigiLocker,"If you can't make it properly, then close it, 3rd class. We can carry the original docs. Don't misuse the money of taxpayer ğŸ‘ğŸ‘ğŸ‘ğŸ‘",1
DigiLocker,good apps,5
DigiLocker,pathetic experience....unable to upload or share documents....very troubling experience,1
DigiLocker,very good app,5
DigiLocker,"for devlper yarr apne aap to aachachaa banaya hai par ye kuch dino baad fir login ke liye kyu bolate ho login karte karte halat kharab ho jata hai ye karo vo karo, to dekh lijiye thoda es essu ko please ğŸ™ƒ",3
DigiLocker,completely waste of time and money.,1
DigiLocker,"Digilocker is a very useful app. You can keep all your important documents safely in one place. Easy to use, fast access, direct acceptance in government offices too. Very helpful app! The app is very slow, documents take a long time to load.",5
DigiLocker,good app,5
DigiLocker,super,5
DigiLocker,very good app ğŸ‘ğŸ‘,5
DigiLocker,good,5
DigiLocker,Worst App!!!!ğŸ˜¡,1
DigiLocker,good ğŸ‘ app,5
DigiLocker,good,5
DigiLocker,not opening up,1
DigiLocker,ğŸ‘ğŸ‘,5
DigiLocker,vari good,5
DigiLocker,ğŸ¥°veryGood app thank u indian gornament jai bharathğŸ‡®ğŸ‡³ğŸ™,5
DigiLocker,I had paid money to change the address of my adhaar card but the address is not changed only cheater,1
DigiLocker,"Face authentication bilkul kaam nahi kar raha hai. Har baar 'session is expired, please try again' dikhata hai. Please iss issue ko jaldi fix karein, kyunki verification complete nahi ho paa raha hai!!!",3
DigiLocker,Nice ğŸ‘,5
DigiLocker,good,5
DigiLocker,Unable to authenticate my aadhar,1
DigiLocker,very good ğŸ˜Š,5
DigiLocker,very easy and fast,5
DigiLocker,i am unable to verify my adhaar and able to access my credentials even though my adhaar registered on digilocker,1
DigiLocker,good,5
DigiLocker,The app is not opening.,1
DigiLocker,Doesn't work.,1
DigiLocker,"If a BMTC passenger wants to use this app to show ID proof during travel, it is recommended to keep a physical copy - I was asked to deboard due to app sign in taking too long.",2
DigiLocker,very good,4
DigiLocker,nice app,4
DigiLocker,All my saved documents have been deleted. Cannot find them now. Why?,5
DigiLocker,It never works when needed.,1
DigiLocker,nice excellent work,5
DigiLocker,easy use and good,5
DigiLocker,good ğŸ‘,5
DigiLocker,very nice ğŸ‘â¤ï¸â¤ï¸ğŸ‘ğŸ‘â¤ï¸ğŸ‘ğŸ‘â¤ï¸ğŸ‘ğŸ‘â¤ï¸â¤ï¸,5
DigiLocker,ğŸ‘,1
DigiLocker,good,5
DigiLocker,this app in not installing it cancelling automatically after installation i trying from past 6days,1
DigiLocker,"Does not function properly, every time ask for verification. No good support from back end team, in spite of repetitive tickets generation.",1
DigiLocker,us app,5
DigiLocker,good,5
DigiLocker,happy,5
DigiLocker,ğŸ¥°ğŸ¥°ğŸ¥°,5
DigiLocker,thanks I don't need to carry my DL ğŸ˜ ğŸ¤£ğŸ¤£ and one question with developer mode on why it says to switch it off first ğŸ¥² doo something for it plz,4
DigiLocker,good,5
DigiLocker,good,5
DigiLocker,good ğŸ‘ ğŸ‘,5
DigiLocker,Excellent performance ğŸ‘,5
DigiLocker,bahut badhiya app hai yah dijiye locker mujhe bahut achcha Laga,4
DigiLocker,karo kuch karta kuch aur hai bekaar hai,1
DigiLocker,app keeps crashing,1
DigiLocker,very bad,1
DigiLocker,ok,4
DigiLocker,nice ğŸ‘,4
DigiLocker,good work,4
DigiLocker,password problem sir password not generate problem sir,1
DigiLocker,faltu app hai roaz resete ho jata hai ğŸ˜¡ğŸ¤¬,1
DigiLocker,very worst experience in this app I hate it,1
DigiLocker,bad,1
DigiLocker,"I can't find my 10, 12 certificate.showing issuer not available",1
DigiLocker,nice,3
DigiLocker,nice app,5
DigiLocker,Very Wonderful ğŸ’¯ğŸ˜ŠğŸ’¯,5
DigiLocker,isme indane lpg gas ka subscription vouture ka option nahi hai..only hp gas and bharat gas ka option hai,1
DigiLocker,ğŸ™ğŸ‘ğŸ‘India's first and own masterpiece app which helps million of people .,5
DigiLocker,Make it better the interface,1
DigiLocker,usefull,5
DigiLocker,good but not getting my ssc memo there just 2019 I need 21 22 batch it does not providing railways asking tha digital locker memo so provide it telangana state upload tha ssc years immediately,3
DigiLocker,bahut achcha hai,5
DigiLocker,good app,5
DigiLocker,Loved so much ğŸ’—,5
DigiLocker,ok,5
DigiLocker,some time issue on opening documents file,4
DigiLocker,Easy service,5
DigiLocker,very bad app,1
DigiLocker,good,4
DigiLocker,ğŸ™ğŸŒºà¤¶à¥à¤°à¥€ à¤—à¤£à¥‡à¤¶à¤¾à¤¯ à¤¨à¤®à¤ƒğŸ™ğŸŒº,5
DigiLocker,nice,5
DigiLocker,document ke liye 1 no ka apps digilocker,4
DigiLocker,what happened to Digi locker this was not working now my documents are stored in this app,5
DigiLocker,best,3
DigiLocker,great..not fetching document..Thanksâ™¥ï¸,5
DigiLocker,please add epic card document,4
DigiLocker,jpg document uploaded on NCH portal not working. only pdf and sometimes selected pdf file also not fetching,1
DigiLocker,very good,5
DigiLocker,isme 2009 ka high school marksheet dekhne ka option nhi hai ğŸ¤”,1
DigiLocker,very nice,5
DigiLocker,nice,4
DigiLocker,is there an glitchI . couldn't post my 12th marksheet. I couldn't find 2022 year,2
DigiLocker,good,5
DigiLocker,data theif,1
DigiLocker,super,5
DigiLocker,document save ğŸ’¯ğŸ’ª,5
DigiLocker,nice all certificates available,5
DigiLocker,My linkedin vÃ¨ryfication purposes Meny time after too not verified sussess being,1
DigiLocker,good,2
DigiLocker,good,5
DigiLocker,this aap is very much for documents purpose,4
DigiLocker,Nice,4
DigiLocker,Download Digilocker app & save more documents.,5
DigiLocker,very good,5
DigiLocker,voter ID and passport is not available,5
DigiLocker,It is sequired app and the file a be safe,5
DigiLocker,good,5
DigiLocker,bahut ghatiya app hai. error error error,1
DigiLocker,nice,4
DigiLocker,10th 12th bihar board option me hi nhi hai plz Add bihar board option,3
DigiLocker,nice ğŸ‘,5
DigiLocker,very good,4
DigiLocker,3 rd class app,1
DigiLocker,helpful,5
DigiLocker,Thank you so much ğŸ˜ŠğŸ™,5
DigiLocker,good,4
DigiLocker,very nice ğŸ™‚ app it's safe ğŸ‘,5
DigiLocker,good ğŸ‘,4
DigiLocker,nice ğŸ‘,5
DigiLocker,nice,5
DigiLocker,Not work on my phone because of old android version,1
DigiLocker,Excellent,5
DigiLocker,"Thank you for helping me regain access to my DigiLocker account. It is now verified, and Iâ€™m able to view all my issued documents without any trouble. I truly appreciate your prompt support and assistance.",5
DigiLocker,"Forced to disable developer option? Why? Pathetic update! I have enabled developer option in settings, due to this app does not let me login. Why are you enforcing to disable this? Running on android 13 one ui 5.1",1
DigiLocker,new update my dijilocker very nise ğŸ¥°,5
DigiLocker,very good aap,5
DigiLocker,ğŸ¤©nice,5
DigiLocker,"ver 9.2.3 is good working. i logged it with mob. no. and put the OTP ,and it continues working. previously i trying to logging from aadhar, which was not working. now it's again working well. thank you indian government.",5
DigiLocker,this app is important for govt signup any scheme,5
DigiLocker,use ful app..,5
DigiLocker,document not uploaded a very long time by gov. so uninstall this app,1
DigiLocker,usefull,5
DigiLocker,nice,5
DigiLocker,it's telling me to off the developer mode like seriously..... it's ridiculous I am uninstalling his app immediately.,1
DigiLocker,worst app,1
DigiLocker,happy aap,4
DigiLocker,very good,5
DigiLocker,best,2
DigiLocker,ğŸ‘,5
DigiLocker,it has more problem in app I try download the document but it tell me to resign in for more than 10 time times,1
DigiLocker,It logs me out automatically after some time.,3
DigiLocker,digilocker not opening. message saying it has a bug which is to be fixed by developer,1
DigiLocker,Very Very useful and helpful app,5
DigiLocker,"Digilocker have some serious issues. whenever i log in for anything needed, it says unauthorized access and automatically logs out. happens every time.",3
DigiLocker,good,5
DigiLocker,all important documents in one place,5
DigiLocker,like this app for important document,5
DigiLocker,amezing,5
DigiLocker,Decree certificate is available on app ?,2
DigiLocker,GOOD.... I AM USING... ğŸ‘ğŸ‘ğŸ‘,5
DigiLocker,good ğŸ‘,5
DigiLocker,jitni der me ye khulta he itni der me police wale ga.d mar lete hen,1
DigiLocker,nice one,5
DigiLocker,Super very good,5
DigiLocker,good ğŸ‘ğŸ˜Š,5
DigiLocker,best application for personalised files,5
DigiLocker,ok,4
DigiLocker,best,3
DigiLocker,app is not auto detecting otps and unable to enter manually,1
DigiLocker,thank,5
DigiLocker,why is it not working ğŸ˜ğŸ˜ğŸ˜ğŸ˜,1
DigiLocker,plz giv update for oppo a1k,5
DigiLocker,good,5
DigiLocker,very bad,1
DigiLocker,ek dam ghatiya aap h,1
DigiLocker,good,5
DigiLocker,"Please resolve this issue, i have already login my another mobile number but my phone after restart the digilocker applications showing the another mobile number login home page, therfore i am not able to login my digilocker appliction. I will change the review after my problem is solved. Thank you",2
DigiLocker,good ğŸ‘,5
DigiLocker,good very nice,5
DigiLocker,bad experience to buffering regularly,1
DigiLocker,open nhi ho rha,1
DigiLocker,"Not able to login, continuously log off and saved documents also not showing in locker",1
DigiLocker,its not working open and closed,1
DigiLocker,very good app,5
DigiLocker,I want to generate a ABC id card and I already registered the number in the app but still they say already registered in this and that but nothing is happens worst app in my eyes,3
DigiLocker,very helpful app,5
DigiLocker,"Digilocker is not open, It is showing when Opened Please switch Off the Developer mood before Using Digilocker, Please Help Me..",1
DigiLocker,worst app emergency mein time every log out ho jata hai useless app,1
DigiLocker,good,5
DigiLocker,Good App,5
DigiLocker,app not unlock,5
DigiLocker,very good app ğŸ‘Œ,5
DigiLocker,why the hell I can't use this app when the developer options feature is enabled on my phone?,1
DigiLocker,good ğŸ‘ğŸ»ğŸ‘ğŸ»ğŸ‘ğŸ»,4
DigiLocker,can't be able to open,5
DigiLocker,Bahut thik,1
DigiLocker,"worst experience; got a message for new update. however, unable to update to the latest version. frustrating!!",1
DigiLocker,"It is showing the pop up that new version is available, update the app. If i click on update, it ia going to play store and there is no update. Once i open the app, again same pop up is displayed. I am not able to use the app.",4
DigiLocker,very nice,5
DigiLocker,Good,5
DigiLocker,best for soft copies,5
DigiLocker,Good,5
DigiLocker,"I am unable to recover my account. If I click ""verify,"" it will show as verified, but the OTP screen and the next step will not proceed.",2
DigiLocker,the app is taking forever to start..I uninstalled and downloaded the latest version.. but it's not starting.. help..,1
DigiLocker,12 marks in the exam I am not getting the year option 2022 so how can I get it from the documentary,1
DigiLocker,how can I add death certificate of my mother if there is no NAME editing option,2
DigiLocker,This app is very useful app please download,5
DigiLocker,horrible,1
DigiLocker,Log in again after three days.very bad,2
DigiLocker,"You have an inexplicable algorithm problem. It refuses to fetch my pancard because of the absence of middle name in Aadhaar. This is a clear violation of the IT dept, Finance Ministry guidelines, which overlooks such a mismatch. This has happened after a recent update of the app",1
DigiLocker,super,5
DigiLocker,"What stupid update have you done? Issued documents aren't seen. In dual Sim phones, it is showing both nos are same and that too showing number other than Aadhar linked number. Please fix this ASAP or revert to older version.",1
DigiLocker,appnot opening,4
DigiLocker,what is the use of that adhar card which does not show adhar number. useless. Also it says unauthorised access and starts like installed now until and unless you update this app.,1
DigiLocker,nice,5
DigiLocker,Nice,5
DigiLocker,excellent,5
DigiLocker,very beast aap,5
DigiLocker,Very nice ğŸ‘ and useful information technology,4
DigiLocker,super ğŸ‘Œ performance ğŸ‘,5
DigiLocker,"This app never works, when needed most. Please fix all the issues. And please make a good app icon. Current is so outdated !!!",2
DigiLocker,Sahi app hai,5
DigiLocker,good,4
DigiLocker,"nothing is integrated with the App, it's useless",1
DigiLocker,what's the point of app if it's automatically logging out?,1
DigiLocker,excellent service,5
UMANG,good app,5
UMANG,super,5
UMANG,good,4
UMANG,it's good ğŸ˜Š,5
UMANG,good app,4
UMANG,is smart,5
UMANG,good,4
UMANG,gud,5
UMANG,good ğŸ‘,5
UMANG,Nice ğŸ‘ app,4
UMANG,excellent,5
UMANG,good,4
UMANG,good,5
UMANG,good,5
UMANG,ok,5
UMANG,Best Apps for Pf,5
UMANG,very nice,1
UMANG,very good,5
UMANG,good,5
UMANG,good,5
UMANG,good,2
UMANG,good,3
UMANG,nice,5
UMANG,good,2
UMANG,good ğŸ‘,4
UMANG,"Not all states included, especially Cyber literate states like maharashtra, karnataka, telangana, andhra. Useless app for those citizens.",1
UMANG,good ğŸ‘,5
UMANG,it's best,5
UMANG,nice aap,5
UMANG,nice,5
UMANG,good,1
UMANG,excellent,5
UMANG,ok,5
UMANG,good,5
UMANG,very good ğŸ˜Š,5
UMANG,good,5
UMANG,good,5
UMANG,good,5
UMANG,helpfull,5
UMANG,super,5
UMANG,good,5
UMANG,very good,5
UMANG,good,4
UMANG,Nice,3
UMANG,good supportting,5
UMANG,achha hai,5
UMANG,sarkari app hai but thoda dhire chalta hai,5
UMANG,good it is very helpful,5
UMANG,good,5
UMANG,NICE,5
UMANG,ok,5
UMANG,super app,5
UMANG,excellent,5
UMANG,nice,2
UMANG,nice ğŸ‘,5
UMANG,good,5
UMANG,nice app,5
UMANG,good We are you,5
UMANG,ok good,5
UMANG,super,5
UMANG,good,4
UMANG,à¤“à¤•à¥‡,5
UMANG,good,5
UMANG,very very gud,5
UMANG,good,5
UMANG,good ğŸ™ğŸ‡®ğŸ‡³,5
UMANG,nice work,5
UMANG,not work all the time smoothly,3
UMANG,very good app,5
UMANG,good,5
UMANG,best app,5
UMANG,excellent experience,5
UMANG,good,5
UMANG,nice ğŸ™‚,4
UMANG,very good,5
UMANG,best app for the pf,5
UMANG,somthing good but some missing,4
UMANG,nice,5
UMANG,good app my suport,5
UMANG,Nyc app,5
UMANG,excellent,5
UMANG,à°—à±à°¡à±,5
UMANG,good,5
UMANG,All things at single click.Just need to update some schemes information and marketing of this app.People will definitely get benefits from it.,4
UMANG,good,5
UMANG,best results for Umang app,5
UMANG,good,5
UMANG,very good,5
UMANG,super ğŸ˜Š,5
UMANG,good ğŸ‘,5
UMANG,good,5
UMANG,good,1
UMANG,thank,5
UMANG,Very Nice ğŸ‘,5
UMANG,very good ğŸ˜Š,5
UMANG,good working this app,5
UMANG,nice,5
UMANG,good,5
UMANG,nice,5
UMANG,verry good,5
UMANG,super,4
UMANG,Nice aap,5
UMANG,nice app,5
UMANG,very good,5
UMANG,good,3
UMANG,good,5
UMANG,mast,5
UMANG,best,5
UMANG,very good,5
UMANG,great job this app,5
UMANG,nice,5
UMANG,my passbook not updated,1
UMANG,very nice ğŸ‘,5
UMANG,nice,5
UMANG,good ğŸ‘,5
UMANG,very nice,5
UMANG,nice app,3
UMANG,good work,5
UMANG,super,5
UMANG,very bad,1
UMANG,good,4
UMANG,mast,5
UMANG,good,5
UMANG,nice,4
UMANG,Exlent,3
UMANG,help full,5
UMANG,nice ğŸ‘,5
UMANG,nice,5
UMANG,ok,5
UMANG,exlant,5
UMANG,very good app.,5
UMANG,good,5
UMANG,nice ğŸ‘,4
UMANG,good,3
UMANG,this app don't work properly,1
UMANG,super UMANG App more help fullnk you,3
UMANG,good,5
UMANG,good,5
UMANG,good ğŸ˜Š,5
UMANG,nice,5
UMANG,ok,5
UMANG,ok,5
UMANG,good,4
UMANG,good communication,3
UMANG,excellent performance,5
UMANG,good,5
UMANG,excellent,5
UMANG,good ğŸ‘,3
UMANG,ok,5
UMANG,good,5
UMANG,wow,5
UMANG,good,5
UMANG,good,5
UMANG,ğŸ¤—ğŸ¤—,5
UMANG,Nice ğŸ‘,3
UMANG,ok,5
UMANG,good aap,5
UMANG,good,5
UMANG,amazing ğŸ˜,5
UMANG,nice,4
UMANG,not responsibility app very voust,1
UMANG,good,5
UMANG,good,5
UMANG,Good ğŸ‘,3
UMANG,ok,5
UMANG,good,5
UMANG,super,5
UMANG,good,3
UMANG,good,4
UMANG,excellent ğŸ‘,5
UMANG,best of umang aap,5
UMANG,ok,5
UMANG,nice,5
UMANG,some times not opening,4
UMANG,ok,5
UMANG,very ğŸ‘,5
UMANG,good,5
UMANG,good,3
UMANG,ğŸ‘,5
UMANG,"My money is not worth the money, I don't want to pay the bills.",5
UMANG,very good,5
UMANG,ok,1
UMANG,nice,5
UMANG,very important isase bahut Sare kam pure Ho Jaate Hain jaise ki PF PSI Aur Bhi bahut sari jankariyan prapt hoti hain is App se bahut fayde Milta Hai sex ka Kitna ho sake utna drav uthana chahie Umang apps very very good,5
UMANG,thank God,1
UMANG,good,5
UMANG,nice,4
UMANG,good,5
UMANG,good,5
UMANG,good,5
UMANG,very nice,5
UMANG,good,5
UMANG,good,5
UMANG,good,5
UMANG,very super,5
UMANG,ok,5
UMANG,good,5
UMANG,good ğŸ‘,5
UMANG,Good app,5
UMANG,good,5
UMANG,good,5
UMANG,thank you,5
UMANG,good,1
UMANG,nice,5
UMANG,nice app,5
UMANG,very good,4
UMANG,ok,5
UMANG,not probably working,1
UMANG,Good,4
UMANG,very good,5
UMANG,nice,5
UMANG,good,4
UMANG,"Very disappointing experience. UMANG app keeps showing that my Aadhaar is already mapped with a UAN, but it does not show me my UAN number. Because of this error, I couldnâ€™t generate my UAN and my PF payment is still pending. Everyone else in my company has received their money, but I didnâ€™t get mine because this app is not working properly. I tried many times, but the app always shows wrong information and gives errors. Please fix the Aadhaarâ€“UAN mapping issue urgently.",1
UMANG,super,5
UMANG,ok,4
UMANG,very nice information app,5
UMANG,good,5
UMANG,good,4
UMANG,thank,5
UMANG,good,3
UMANG,good,4
UMANG,well,5
UMANG,very good ğŸ˜Š,5
UMANG,good service hai all services best,5
UMANG,good,5
UMANG,good,4
UMANG,ok,4
UMANG,very good ğŸ‘,5
UMANG,useful application,5
UMANG,good,5
UMANG,it's very useful application,5
UMANG,nice,5
UMANG,nice,5
UMANG,ğŸ’ª,5
UMANG,good,4
UMANG,nice ğŸ‘,5
UMANG,good,5
UMANG,Good,4
UMANG,good,5
UMANG,Good,5
UMANG,best,5
UMANG,good,5
UMANG,vgood,5
UMANG,nice,5
UMANG,beautiful,5
UMANG,ok,5
UMANG,poor,1
UMANG,good,5
UMANG,best,2
UMANG,nice,3
UMANG,nice,1
UMANG,very good ğŸ˜Š apps,5
UMANG,good,5
UMANG,good,5
UMANG,good,5
UMANG,excellent,5
UMANG,good job,5
UMANG,good,4
UMANG,good,5
UMANG,good ğŸ‘,4
UMANG,great service thank you umang,5
UMANG,nice,5
UMANG,good,5
UMANG,good,5
UMANG,omg,5
UMANG,good,5
UMANG,good information,3
UMANG,nice,5
UMANG,BeautifulğŸ˜â¤,5
UMANG,good experience,3
UMANG,good,4
UMANG,very good,5
UMANG,nice,4
UMANG,good,5
UMANG,good,5
UMANG,good app,5
UMANG,good,5
UMANG,good services,5
UMANG,do can better,3
UMANG,good,1
UMANG,good service,5
UMANG,helpfull,5
UMANG,super,5
UMANG,good,4
UMANG,good,5
UMANG,good,5
UMANG,good,5
UMANG,Good,5
UMANG,good,4
UMANG,super,4
UMANG,very good,5
UMANG,thanks for you,4
UMANG,good,3
UMANG,excellent work,5
UMANG,very good,5
UMANG,good ğŸ‘,3
UMANG,ok,2
UMANG,Very helpfull app,5
UMANG,nice,5
UMANG,good,3
